Workbook

Sheet Summary
A1: Workbook | B1: 09_Privacy_Risk_Register.xlsx
A2: Project | B2: Privacy Impact & Data Handling Risk Assessment: Customer-Facing Reservation Platform
A3: Purpose | B3: Document privacy risk statements, causes, impacts, likelihood, ratings, existing controls, gaps, mitigations, owners, target dates, residual risk, status, and evidence references.
A4: Assessment Lens | B4: Canadian privacy principles with PIPEDA Fair Information Principles used as an alignment framework.
A5: Scope | B5: Reservation, contact, checkout/payment, admin/internal access, email, logging, vendor processing, and change governance workflows.
A6: Important Limitation | B6: This workbook does not claim PIPEDA compliance, legal advice, official PIA completion, regulatory audit, or certification.
A7: Source Context | B7: Sanitized ITGC project evidence, data flow documentation, testing workpapers, access governance review, and privacy assessment artifacts.
A8: Total Risks | B8: =COUNTA(Risk_Register!A2:A100) -> 12
A9: High Risks | B9: =COUNTIF(Risk_Register!J2:J100,"High") -> 4
A10: Medium Risks | B10: =COUNTIF(Risk_Register!J2:J100,"Medium") -> 8
A11: Low Risks | B11: =COUNTIF(Risk_Register!J2:J100,"Low") -> 0
A12: Open / Planned Items | B12: =COUNTIF(Risk_Register!P2:P100,"Planned")+COUNTIF(Risk_Register!P2:P100,"Open") -> 12

Sheet Risk_Register
A1: Risk ID | B1: Related Finding ID | C1: Risk Statement | D1: Data Element / Workflow | E1: Privacy Principle | F1: Cause | G1: Impact | H1: Likelihood | I1: Inherent Risk Score | J1: Risk Rating | K1: Existing Controls | L1: Control Gap | M1: Recommended Mitigation | N1: Owner | O1: Residual Risk | P1: Status | Q1: Evidence Reference | R1: Notes
A2: PR-001 | B2: PF-001 | C2: There is a risk that direct customer identifiers may not receive consistent protection because selected fields are encrypted while other comparable identifiable fields remain stored in plaintext. | D2: First name, last name, address, company information / checkout, reservation, contact workflows | E2: Safeguards; Accountability; Limiting Use, Disclosure, and Retention | F2: Field-level protection is applied selectively across personal information fields. | G2: 4 | H2: 4 | I2: =G2*H2 -> 16 | J2: =IF(I2>=16,"High",IF(I2>=8,"Medium","Low")) -> High | K2: Email and contact number are encrypted using AES-256-CBC. | L2: First name, last name, address, and company information may remain plaintext. | M2: Define field-level protection standards for direct identifiers, document encryption coverage, and extend appropriate safeguards based on sensitivity and business need. | N2: Application Owner / Technical Owner | O2: Medium | P2: Planned | Q2: EV-001, EV-002 | R2: Use safeguards gap SG-001 as remediation input.
A3: PR-002 | B3: PF-002 | C3: There is a risk that customer personal information may be accessed beyond operational need because formal RBAC and centralized access governance are not implemented. | D3: Reservation records, contact records, order records, payment references / admin and internal access workflow | E3: Accountability; Safeguards; Limiting Use, Disclosure, and Retention | F3: No formal role model, approval workflow, access review, or need-to-know restriction is documented. | G3: 5 | H3: 4 | I3: =G3*H3 -> 20 | J3: =IF(I3>=16,"High",IF(I3>=8,"Medium","Low")) -> High | K3: Some third-party platforms may have their own account-level controls. | L3: Application-level RBAC and centralized access governance are missing. | M3: Define roles, implement RBAC for admin/internal access, document approval and revocation, and perform periodic access reviews. | N3: Business Owner / Application Owner | O3: Medium | P3: Planned | Q3: EV-004 | R3: Critical privacy governance risk.
A4: PR-003 | B4: PF-002 | C4: There is a risk that broad developer access may expose customer personal information or sensitive credentials because developers may access database, deployment, source code, and environment configurations. | D4: MongoDB data, environment variables, source code, deployment configuration / technical access workflow | E4: Accountability; Safeguards | F4: Developer access extends across multiple system layers without formal restriction or segregation of duties. | G4: 5 | H4: 4 | I4: =G4*H4 -> 20 | J4: =IF(I4>=16,"High",IF(I4>=8,"Medium","Low")) -> High | K4: .env files are excluded from repository and environment variables are used. | L4: Developer access to credentials and customer data may be broader than necessary. | M4: Restrict production database and environment access, define emergency access, document access owner, and rotate credentials where appropriate. | N4: Application Owner / Technical Owner | O4: Medium | P4: Planned | Q4: EV-004 | R4: Connects to secrets and SoD controls.
A5: PR-004 | B5: PF-003 | C5: There is a risk that unauthorized access, modification, export, or deletion of personal information may not be detected because user and administrative activity logging is limited. | D5: Customer records, admin actions, access events / logging and monitoring workflow | E5: Accountability; Safeguards; Challenging Compliance | F5: Logging captures system events but does not provide structured user/admin activity audit trails. | G5: 5 | H5: 4 | I5: =G5*H5 -> 20 | J5: =IF(I5>=16,"High",IF(I5>=8,"Medium","Low")) -> High | K5: Winston logging captures errors, system events, and selected activity. | L5: No dedicated logging for personal information access, export, modification, deletion, or admin actions. | M5: Implement structured logging for access to personal information, admin actions, exports, deletions, permission changes, and log retention. | N5: Technical Owner / Privacy Reviewer | O5: Medium | P5: Planned | Q5: EV-005 | R5: Supports incident investigation and challenge handling.
A6: PR-005 | B6: PF-004 | C6: There is a risk that third-party payment processing accountability may be incomplete because Stripe processing boundaries and internally retained payment metadata are not fully documented. | D6: Payment status, Stripe transaction reference, order record, customer identifiers / checkout and payment workflow | E6: Accountability; Openness; Safeguards; Limiting Use, Disclosure, and Retention | F6: Stripe hosted checkout is used but vendor processing documentation and retained internal payment metadata mapping require centralization. | G6: 4 | H6: 3 | I6: =G6*H6 -> 12 | J6: =IF(I6>=16,"High",IF(I6>=8,"Medium","Low")) -> Medium | K6: Stripe hosted checkout processes payment details externally and full cardholder data is not assessed as stored internally. | L6: Vendor processing boundary, access ownership, retained metadata, and evidence tracking are incomplete. | M6: Create Stripe processing record, vendor inventory entry, internal retained payment metadata list, access owner record, and evidence references. | N6: Vendor / Third-Party Owner | O6: Low to Medium | P6: Planned | Q6: EV-003, EV-006 | R6: Do not claim Stripe audit or PCI certification.
A7: PR-006 | B7: PF-005 | C7: There is a risk that personal information may be retained longer than necessary because retention periods and deletion triggers are not fully documented across database, email, logs, and payment references. | D7: Reservations, contact messages, orders, payment references, emails, logs / retention workflow | E7: Limiting Use, Disclosure, and Retention; Accountability; Openness | F7: No centralized retention and deletion matrix is documented for key record types. | G7: 4 | H7: 3 | I7: =G7*H7 -> 12 | J7: =IF(I7>=16,"High",IF(I7>=8,"Medium","Low")) -> Medium | K7: Operational records exist for booking, communication, payment reconciliation, and troubleshooting. | L7: Retention periods, deletion triggers, and record owner expectations are incomplete. | M7: Create retention and deletion matrix covering reservations, contact messages, orders, payment references, email records, and logs. | N7: Privacy Reviewer / Business Owner | O7: Medium | P7: Planned | Q7: EV-006 | R7: Use no fixed retention period unless supported by policy.
A8: PR-007 | B8: PF-004, PF-006 | C8: There is a risk that vendor accountability evidence may be insufficient because active third-party services are used without centralized vendor review evidence. | D8: Stripe, Gmail SMTP, Cloudinary, Render, GitHub / vendor dependency workflow | E8: Accountability; Safeguards; Openness | F8: Third-party services are active, but formal vendor risk assessment and monitoring evidence are not centralized. | G8: 4 | H8: 3 | I8: =G8*H8 -> 12 | J8: =IF(I8>=16,"High",IF(I8>=8,"Medium","Low")) -> Medium | K8: Vendor platforms provide service-specific functions and may have platform-level controls. | L8: Vendor role, data involved, terms reference, owner, review date, and monitoring notes are incomplete. | M8: Build vendor inventory with privacy notes, data elements, owners, terms references, and periodic review evidence. | N8: Vendor / Third-Party Owner | O8: Medium | P8: Planned | Q8: EV-003 | R8: Stripe-specific assessment is handled separately in file 08.
A9: PR-008 | B9: PF-007 | C9: There is a risk that unreviewed application changes may affect personal information handling because changes can be deployed without formal approval, pull request review, or staging validation. | D9: All personal information processed by reservation, contact, checkout, payment, logging, and email workflows / change governance workflow | E9: Accountability; Safeguards | F9: Formal change approval, branch protection, pull request review, and staging validation are not implemented or not evidenced. | G9: 4 | H9: 3 | I9: =G9*H9 -> 12 | J9: =IF(I9>=16,"High",IF(I9>=8,"Medium","Low")) -> Medium | K9: GitHub and Render support source control and deployment workflow. | L9: Changes affecting personal information systems may be deployed without privacy or safeguard review. | M9: Implement pull request review, branch protection, staging validation, deployment evidence, and privacy review for data handling changes. | N9: Application Owner / Technical Owner | O9: Medium | P9: Planned | Q9: EV-002, EV-004 | R9: Connects ITGC change risk to privacy safeguards.
A10: PR-009 | B10: PF-005 | C10: There is a risk that contact form free-text submissions may collect unexpected personal information because customers can enter unrestricted message content. | D10: Contact message content / contact form workflow | E10: Limiting Collection; Safeguards; Limiting Use, Disclosure, and Retention | F10: Free-text field may capture information beyond the minimum needed to respond to an inquiry. | G10: 3 | H10: 3 | I10: =G10*H10 -> 9 | J10: =IF(I10>=16,"High",IF(I10>=8,"Medium","Low")) -> Medium | K10: Contact form supports customer inquiry handling. | L10: No documented guidance, minimization note, review process, or retention rule for free-text messages. | M10: Add clear form guidance, avoid requesting sensitive information, review retention, and limit access to contact messages. | N10: Business Owner / Privacy Reviewer | O10: Low to Medium | P10: Planned | Q10: EV-001, EV-006 | R10: Good data minimization risk example.
A11: PR-010 | B11: PF-005 | C11: There is a risk that transactional emails may duplicate personal information outside the main database because confirmation or contact emails can include customer and order details. | D11: Email address, name, address, reservation details, order information / email communication workflow | E11: Limiting Use, Disclosure, and Retention; Safeguards; Openness | F11: Transactional email content and mailbox retention are not centrally mapped to database retention rules. | G11: 3 | H11: 3 | I11: =G11*H11 -> 9 | J11: =IF(I11>=16,"High",IF(I11>=8,"Medium","Low")) -> Medium | K11: Gmail SMTP is used for transactional communications. | L11: Email retention, template minimization, and mailbox access governance may be incomplete. | M11: Map personal information in email templates, minimize unnecessary fields, align retention expectations, and include Gmail access in access reviews. | N11: Business Owner / Privacy Reviewer | O11: Low to Medium | P11: Planned | Q11: EV-002, EV-006 | R11: Supports email privacy governance.
A12: PR-011 | B12: PF-006 | C12: There is a risk that privacy accountability may be difficult to demonstrate because evidence references, findings, risks, remediation actions, and closure criteria are not fully centralized. | D12: All assessed personal information and evidence records / evidence traceability workflow | E12: Accountability; Challenging Compliance; Safeguards | F12: Privacy evidence is distributed across data models, workflow notes, access reviews, logs, and remediation records. | G12: 3 | H12: 3 | I12: =G12*H12 -> 9 | J12: =IF(I12>=16,"High",IF(I12>=8,"Medium","Low")) -> Medium | K12: Assessment artifacts and sanitized evidence references exist. | L12: A centralized evidence index should link findings, data elements, risks, mitigations, and closure criteria. | M12: Maintain an evidence index and link every risk to source evidence, owner, remediation action, and closure criteria. | N12: Privacy Reviewer | O12: Low | P12: Planned | Q12: EV-001, EV-002, EV-003, EV-004, EV-005, EV-006 | R12: Will connect to 11_Evidence_Index.xlsx.
A13: PR-012 | B13: PF-001, PF-003 | C13: There is a risk that logs may contain personal information without documented minimization, masking, access restriction, or retention rules. | D13: System logs, request metadata, payment/reservation activity, CSRF events / logging and monitoring workflow | E13: Safeguards; Limiting Collection; Limiting Use, Disclosure, and Retention | F13: Logs may capture partially masked PII or technical metadata, while log governance is not fully documented. | G13: 3 | H13: 3 | I13: =G13*H13 -> 9 | J13: =IF(I13>=16,"High",IF(I13>=8,"Medium","Low")) -> Medium | K13: Winston logs system-level events and some activity. | L13: Log content minimization, access control, and retention are not fully documented. | M13: Review log fields, avoid unnecessary PII, apply masking, define log access controls, and document log retention. | N13: Technical Owner / Privacy Reviewer | O13: Low to Medium | P13: Planned | Q13: EV-005, EV-006 | R13: Balances logging need with minimization.

Sheet Scoring_Methodology
A1: Section | B1: Description
A2: Purpose | B2: Define the qualitative scoring method used in the Privacy Risk Register.
A3: Impact 1 | B3: Minimal privacy impact. Limited operational inconvenience and low sensitivity.
A4: Impact 2 | B4: Low privacy impact. Limited identifiable information and limited exposure.
A5: Impact 3 | B5: Moderate privacy impact. Personal information could be exposed, retained, or accessed beyond expectation.
A6: Impact 4 | B6: Significant privacy impact. Direct identifiers, payment-related metadata, or broad access concerns are involved.
A7: Impact 5 | B7: Severe privacy impact. Sensitive or high-impact personal information exposure, broad unauthorized access, or major accountability failure.
A8: Likelihood 1 | B8: Rare. Control environment makes occurrence unlikely.
A9: Likelihood 2 | B9: Unlikely. Some controls exist but gaps remain.
A10: Likelihood 3 | B10: Possible. Gaps exist and the event could occur under normal operating conditions.
A11: Likelihood 4 | B11: Likely. Control gaps are known and could reasonably lead to occurrence.
A12: Likelihood 5 | B12: Almost certain. Missing controls or repeated exposure make occurrence highly likely.
... A16: Important Limitation | B16: This scoring is for portfolio assessment and privacy risk documentation. It does not certify compliance or represent a regulatory risk model.

Sheet Reference_Lists
A1: List Name | B1: Value
A2: Risk Rating | B2: High
A3: Risk Rating | B3: Medium
A4: Risk Rating | B4: Low
A5: Residual Risk | B5: High
A6: Residual Risk | B6: Medium
A7: Residual Risk | B7: Low
A8: Residual Risk | B8: Low to Medium
A9: Status | B9: Open
A10: Status | B10: Planned
A11: Status | B11: In Progress
A12: Status | B12: Blocked
... A40: PIPEDA Principle | B40: Challenging Compliance

Sheet Evidence_Map
A1: Evidence ID | B1: Evidence Name | C1: Supports Risk Areas | D1: Notes
A2: EV-001 | B2: Sanitized data model reference | C2: Field-level protection, data elements, plaintext/encrypted field distinction | D2: Supports PF-001 and PR-001.
A3: EV-002 | B3: Sanitized application workflow reference | C3: Reservation, checkout, contact, payment, order, email flows | D3: Supports workflow and data flow risks.
A4: EV-003 | B4: Sanitized vendor dependency reference | C4: Stripe, Gmail SMTP, Cloudinary, Render, GitHub, database hosting context | D4: Supports vendor and third-party processing risks.
A5: EV-004 | B5: Sanitized access review reference | C5: Authentication, RBAC, privileged access, access governance, SoD | D5: Supports PF-002 and PR-002/PR-003.
A6: EV-005 | B6: Sanitized logging review reference | C6: Winston logging, missing user/admin activity logging, log governance | D6: Supports PF-003 and PR-004/PR-012.
A7: EV-006 | B7: Sanitized retention review reference | C7: Retention and deletion considerations for records, email, logs, payment references | D7: Supports PF-005 and related risks.
